Timestamp,User Count,Type,Name,Requests/s,Failures/s,50%,66%,75%,80%,90%,95%,98%,99%,99.9%,99.99%,100%,Total Request Count,Total Failure Count,Total Median Response Time,Total Average Response Time,Total Min Response Time,Total Max Response Time,Total Average Content Size
1765647479,0,,Aggregated,0.000000,0.000000,N/A,N/A,N/A,N/A,N/A,N/A,N/A,N/A,N/A,N/A,N/A,0,0,0,0.0,0,0,0
1765647480,5,,Aggregated,0.000000,0.000000,33,37,37,37,37,37,37,37,37,37,37,5,0,33,31.947329600188823,23.39434299938148,37.468828000783105,83.0
1765647481,10,,Aggregated,0.000000,0.000000,23,29,29,33,37,37,37,37,37,37,37,13,0,23,22.680920615410006,8.19606900040526,37.468828000783105,83.3076923076923
1765647482,15,,Aggregated,5.000000,0.000000,23,29,36,37,37,38,38,38,38,38,38,24,0,20,22.326979083383474,7.293773000128567,38.347300000168616,83.20833333333333
1765647483,20,,Aggregated,5.500000,0.000000,17,29,29,33,37,38,38,38,38,38,38,38,0,15,19.957006815873587,7.293773000128567,38.347300000168616,83.07894736842105
1765647484,25,,Aggregated,7.666667,0.000000,11,25,29,32,36,37,38,38,38,38,38,55,0,11,18.488736781893582,7.293773000128567,38.347300000168616,83.18181818181819
1765647485,30,,Aggregated,8.250000,0.000000,10,23,29,31,36,37,38,38,38,38,38,69,0,10,17.677309666725996,6.933323999874119,38.347300000168616,83.1304347826087
1765647486,35,,Aggregated,9.600000,0.000000,10,20,26,29,33,37,38,38,38,38,38,92,0,10,16.211690771777523,6.933323999874119,38.347300000168616,83.09782608695652
1765647487,40,,Aggregated,10.500000,0.000000,10,16,25,26,33,36,37,38,38,38,38,112,0,10,15.443004830379843,6.933323999874119,38.347300000168616,83.09821428571429
1765647488,45,,Aggregated,11.142857,0.000000,9,13,23,26,33,37,38,43,47,47,47,141,0,9,14.998645347541823,6.933323999874119,47.069795000425074,83.12056737588652
1765647489,50,,Aggregated,12.750000,0.000000,8,11,23,25,32,36,38,43,47,47,47,166,0,8,14.409118686786774,6.933323999874119,47.069795000425074,83.144578313253
1765647490,50,,Aggregated,14.000000,0.000000,8,10,17,23,29,36,38,43,47,47,47,191,0,8,13.542135774900165,6.933323999874119,47.069795000425074,83.13612565445027
1765647491,50,,Aggregated,15.200000,0.000000,8,9,12,21,29,36,37,38,47,47,47,217,0,8,12.843340728135201,6.933323999874119,47.069795000425074,83.12442396313364
1765647492,50,,Aggregated,17.100000,0.000000,8,9,11,17,28,35,37,38,47,47,47,238,0,8,12.377935907589293,6.408054000530683,47.069795000425074,83.1470588235294
1765647493,50,,Aggregated,19.100000,0.000000,8,8,10,13,27,33,37,38,47,47,47,268,0,8,11.893389085846355,6.408054000530683,47.069795000425074,83.14179104477611
1765647494,50,,Aggregated,20.300000,0.000000,8,8,10,12,26,33,37,38,47,47,47,291,0,8,11.591883969103135,6.408054000530683,47.069795000425074,83.14432989690722
1765647495,50,,Aggregated,21.600000,0.000000,8,8,10,11,26,33,37,38,47,47,47,314,0,8,11.30382965607603,6.408054000530683,47.069795000425074,83.14331210191082
1765647496,50,,Aggregated,23.100000,0.000000,8,8,9,10,25,31,37,38,47,47,47,343,0,8,11.018124830924728,6.408054000530683,47.069795000425074,83.14577259475219
1765647497,50,,Aggregated,23.600000,0.000000,8,8,9,10,24,31,37,38,47,47,47,362,0,8,10.862845906103757,6.408054000530683,47.069795000425074,83.14364640883979
1765647498,50,,Aggregated,24.600000,0.000000,8,8,9,10,23,29,37,38,47,47,47,390,0,8,10.60606939232597,6.408054000530683,47.069795000425074,83.14871794871794
1765647499,50,,Aggregated,24.800000,0.000000,8,8,9,10,23,29,36,37,47,47,47,416,0,8,10.47017750963164,6.408054000530683,47.069795000425074,83.1514423076923
1765647500,50,,Aggregated,24.500000,0.000000,8,8,9,10,21,29,36,37,47,47,47,437,0,8,10.356941107571107,6.408054000530683,47.069795000425074,83.15789473684211
1765647501,50,,Aggregated,24.500000,0.000000,8,8,8,10,17,28,36,37,47,47,47,461,0,8,10.232137856852253,6.408054000530683,47.069795000425074,83.16702819956616
1765647502,50,,Aggregated,24.800000,0.000000,8,8,8,9,16,28,36,37,47,47,47,490,0,8,10.066996740830774,6.388723999407375,47.069795000425074,83.17755102040816
1765647503,50,,Aggregated,24.300000,0.000000,8,8,8,9,14,27,36,37,47,47,47,516,0,8,9.93988998645413,6.388723999407375,47.069795000425074,83.17248062015504
1765647504,50,,Aggregated,24.400000,0.000000,8,8,8,9,13,27,36,37,47,47,47,535,0,8,9.875661936467479,6.388723999407375,47.069795000425074,83.17570093457944
1765647505,50,,Aggregated,25.100000,0.000000,8,8,8,9,13,26,35,37,47,47,47,566,0,8,9.814366690836465,6.388723999407375,47.069795000425074,83.17491166077738
1765647506,50,,Aggregated,24.800000,0.000000,8,8,8,9,13,26,35,37,47,47,47,588,0,8,9.745232377577404,6.388723999407375,47.069795000425074,83.16836734693878
1765647507,50,,Aggregated,25.700000,0.000000,8,8,8,9,13,26,34,37,47,47,47,614,0,8,9.65998579481241,6.388723999407375,47.069795000425074,83.16449511400651
1765647508,50,,Aggregated,25.400000,0.000000,8,8,8,9,12,26,34,37,47,47,47,638,0,8,9.580038818203207,6.388723999407375,47.069795000425074,83.16771159874608
1765647509,50,,Aggregated,24.800000,0.000000,8,8,8,9,12,25,33,37,47,47,47,665,0,8,9.526005753400398,6.388723999407375,47.069795000425074,83.16541353383458
1765647510,50,,Aggregated,25.500000,0.000000,8,8,8,9,12,25,33,37,47,47,47,690,0,8,9.493936344939437,6.388723999407375,47.069795000425074,83.16231884057972
1765647511,50,,Aggregated,25.100000,0.000000,8,8,8,9,12,25,33,37,47,47,47,717,0,8,9.43538566528204,6.388723999407375,47.069795000425074,83.1534170153417
1765647512,50,,Aggregated,25.300000,0.000000,8,8,8,9,12,24,33,37,47,47,47,735,0,8,9.395953711573137,6.388723999407375,47.069795000425074,83.16190476190476
1765647513,50,,Aggregated,25.200000,0.000000,8,8,8,9,12,23,33,37,47,47,47,763,0,8,9.332705845354761,6.388723999407375,47.069795000425074,83.15465268676277
1765647514,50,,Aggregated,25.100000,0.000000,8,8,8,9,12,23,33,37,47,47,47,785,0,8,9.299006615292686,6.388723999407375,47.069795000425074,83.16050955414013
1765647515,50,,Aggregated,24.800000,0.000000,8,8,8,9,12,23,32,36,47,47,47,816,0,8,9.289704188728699,6.388723999407375,47.069795000425074,83.17279411764706
1765647516,50,,Aggregated,24.300000,0.000000,8,8,8,9,12,23,32,36,47,47,47,831,0,8,9.264022838750797,6.388723999407375,47.069795000425074,83.17087845968712
1765647517,50,,Aggregated,24.000000,0.000000,8,8,8,9,12,22,31,36,47,47,47,860,0,8,9.220193332565794,6.388723999407375,47.069795000425074,83.1767441860465
1765647518,50,,Aggregated,24.000000,0.000000,8,8,8,9,12,22,32,37,47,47,47,879,0,8,9.225739259390147,6.388723999407375,47.069795000425074,83.17747440273038
1765647519,50,,Aggregated,24.600000,0.000000,8,8,8,9,12,21,31,36,47,47,47,905,0,8,9.18510333480932,6.388723999407375,47.069795000425074,83.1878453038674
1765647520,50,,Aggregated,24.200000,0.000000,8,8,8,9,11,20,31,36,47,47,47,931,0,8,9.159164867885043,6.388723999407375,47.069795000425074,83.17722878625135
1765647521,50,,Aggregated,24.300000,0.000000,8,8,8,9,11,17,31,36,47,47,47,960,0,8,9.123191706250585,6.3650609999967855,47.069795000425074,83.178125
1765647522,50,,Aggregated,24.000000,0.000000,8,8,8,9,11,16,31,36,47,47,47,984,0,8,9.092987502034097,6.3650609999967855,47.069795000425074,83.17886178861788
1765647523,50,,Aggregated,24.600000,0.000000,8,8,8,9,11,18,29,36,43,47,47,1009,0,8,9.13629803964725,6.3650609999967855,47.069795000425074,83.18037661050545
1765647524,50,,Aggregated,24.500000,0.000000,8,8,8,9,12,17,29,36,43,47,47,1034,0,8,9.145897826889318,6.3650609999967855,47.069795000425074,83.18278529980658
1765647525,50,,Aggregated,24.400000,0.000000,8,8,8,9,12,17,29,36,43,47,47,1059,0,8,9.113550871580431,6.3650609999967855,47.069795000425074,83.18602455146365
1765647526,50,,Aggregated,24.800000,0.000000,8,8,8,9,11,16,29,36,43,47,47,1080,0,8,9.081353684265466,6.3650609999967855,47.069795000425074,83.18888888888888
1765647527,50,,Aggregated,24.900000,0.000000,8,8,8,9,11,16,29,36,43,47,47,1110,0,8,9.052367366675261,6.3650609999967855,47.069795000425074,83.19459459459459
1765647528,50,,Aggregated,25.200000,0.000000,8,8,8,9,11,15,29,36,43,47,47,1139,0,8,9.016278008787356,6.3650609999967855,47.069795000425074,83.19929762949955
1765647529,50,,Aggregated,24.900000,0.000000,8,8,8,9,11,15,29,36,43,47,47,1163,0,8,9.005785787624722,6.3650609999967855,47.069795000425074,83.19948409286329
1765647530,50,,Aggregated,25.500000,0.000000,8,8,8,9,11,14,29,36,43,47,47,1192,0,8,8.982232651010541,6.3650609999967855,47.069795000425074,83.19798657718121
1765647531,50,,Aggregated,25.000000,0.000000,8,8,8,9,11,15,28,35,43,47,47,1215,0,8,8.979753085599883,6.3650609999967855,47.069795000425074,83.19835390946503
1765647532,50,,Aggregated,25.700000,0.000000,8,8,8,9,11,15,28,35,43,47,47,1238,0,8,8.953585202751492,6.3650609999967855,47.069795000425074,83.19386106623587
1765647533,50,,Aggregated,25.800000,0.000000,8,8,8,9,11,14,28,35,43,47,47,1262,0,8,8.929288120446785,6.3650609999967855,47.069795000425074,83.19096671949286
1765647534,50,,Aggregated,25.600000,0.000000,8,8,8,9,11,14,28,35,43,47,47,1290,0,8,8.917786938760514,6.3650609999967855,47.069795000425074,83.19612403100776
1765647535,50,,Aggregated,25.400000,0.000000,8,8,8,9,11,14,27,34,43,47,47,1312,0,8,8.899789968752678,6.3650609999967855,47.069795000425074,83.19664634146342
1765647536,50,,Aggregated,25.000000,0.000000,8,8,8,9,11,14,27,34,43,47,47,1335,0,8,8.893826290636326,6.3650609999967855,47.069795000425074,83.18951310861424
1765647537,50,,Aggregated,25.200000,0.000000,8,8,8,9,11,14,27,34,43,47,47,1362,0,8,8.86977356461045,6.3650609999967855,47.069795000425074,83.18575624082231
1765647538,50,,Aggregated,24.800000,0.000000,8,8,8,9,11,14,27,34,43,47,47,1388,0,8,8.848694732708175,6.3650609999967855,47.069795000425074,83.19020172910663
1765647539,50,,Aggregated,25.300000,0.000000,8,8,8,9,11,14,27,33,43,47,47,1409,0,8,8.82718511426383,6.3650609999967855,47.069795000425074,83.1916252661462
1765647540,50,,Aggregated,24.900000,0.000000,8,8,8,9,11,13,27,33,43,47,47,1433,0,8,8.822421822052345,6.3650609999967855,47.069795000425074,83.19678995115143
1765647541,50,,Aggregated,25.400000,0.000000,8,8,8,9,11,14,26,33,43,47,47,1463,0,8,8.82354719206991,6.3650609999967855,47.069795000425074,83.19617224880383
1765647542,50,,Aggregated,24.700000,0.000000,8,8,8,9,11,14,26,33,43,47,47,1487,0,8,8.814062308000853,6.3650609999967855,47.069795000425074,83.1990585070612
1765647543,50,,Aggregated,24.200000,0.000000,8,8,8,9,11,14,26,33,43,47,47,1513,0,8,8.836637603434042,6.3650609999967855,47.069795000425074,83.2009253139458
1765647544,50,,Aggregated,25.100000,0.000000,8,8,8,9,11,14,26,33,43,47,47,1533,0,8,8.836048061313665,6.3650609999967855,47.069795000425074,83.20221787345075
1765647545,50,,Aggregated,24.800000,0.000000,8,8,8,9,11,14,26,33,43,47,47,1561,0,8,8.839235332476708,6.3650609999967855,47.069795000425074,83.20499679692504
1765647546,50,,Aggregated,25.100000,0.000000,8,8,8,9,11,14,26,33,43,47,47,1583,0,8,8.828045546428704,6.3650609999967855,47.069795000425074,83.2008843967151
1765647547,50,,Aggregated,24.100000,0.000000,8,8,8,9,11,14,26,33,43,47,47,1609,0,8,8.81954666749289,6.3650609999967855,47.069795000425074,83.1988812927284
1765647548,50,,Aggregated,25.100000,0.000000,8,8,8,9,11,14,26,33,43,47,47,1633,0,8,8.822139861603615,6.3650609999967855,47.069795000425074,83.20024494794856
1765647549,50,,Aggregated,24.300000,0.000000,8,8,8,9,11,14,26,33,43,47,47,1663,0,8,8.803887840649026,6.3650609999967855,47.069795000425074,83.20144317498497
1765647550,50,,Aggregated,24.400000,0.000000,8,8,8,9,11,14,26,33,43,47,47,1683,0,8,8.791089051098721,6.3650609999967855,47.069795000425074,83.2002376708259
1765647551,50,,Aggregated,24.700000,0.000000,8,8,8,9,11,13,25,32,43,47,47,1712,0,8,8.770815258177212,6.3650609999967855,47.069795000425074,83.1980140186916
1765647552,50,,Aggregated,25.000000,0.000000,8,8,8,9,11,14,25,32,43,47,47,1734,0,8,8.788068537485756,6.3650609999967855,47.069795000425074,83.19780853517878
1765647553,50,,Aggregated,24.800000,0.000000,8,8,8,9,11,14,25,32,43,47,47,1761,0,8,8.786192982396607,6.3650609999967855,47.069795000425074,83.19420783645656
1765647554,50,,Aggregated,24.500000,0.000000,8,8,8,9,11,14,25,32,43,47,47,1779,0,8,8.772445088815177,6.3650609999967855,47.069795000425074,83.19449128724003
1765647555,50,,Aggregated,24.700000,0.000000,8,8,8,9,11,14,25,31,43,47,47,1810,0,8,8.769069146963385,6.3650609999967855,47.069795000425074,83.19116022099448
1765647556,50,,Aggregated,25.200000,0.000000,8,8,8,9,11,13,25,31,43,47,47,1833,0,8,8.765933157666481,6.3650609999967855,47.069795000425074,83.1887615930169
1765647557,50,,Aggregated,25.300000,0.000000,8,8,8,9,11,13,24,31,43,47,47,1855,0,8,8.75445190835592,6.3650609999967855,47.069795000425074,83.18760107816712
1765647558,50,,Aggregated,24.900000,0.000000,8,8,8,9,11,13,24,31,43,47,47,1884,0,8,8.734232781847776,6.3650609999967855,47.069795000425074,83.18205944798301
1765647559,50,,Aggregated,25.200000,0.000000,8,8,8,9,11,13,23,31,43,47,47,1906,0,8,8.729328800630576,6.3650609999967855,47.069795000425074,83.18205666316894
1765647560,50,,Aggregated,25.300000,0.000000,8,8,8,9,11,13,23,31,43,47,47,1927,0,8,8.718973893617415,6.3650609999967855,47.069795000425074,83.1831862999481
1765647561,50,,Aggregated,24.400000,0.000000,8,8,8,9,11,13,23,31,43,47,47,1961,0,8,8.70252730902676,6.3650609999967855,47.069795000425074,83.1820499745028
1765647562,50,,Aggregated,24.300000,0.000000,8,8,8,9,11,13,23,31,43,47,47,1981,0,8,8.690080165573692,6.3650609999967855,47.069795000425074,83.18223119636548
1765647563,50,,Aggregated,24.500000,0.000000,8,8,8,9,11,13,23,29,38,47,47,2011,0,8,8.676107267528879,6.3650609999967855,47.069795000425074,83.18199900546992
1765647564,50,,Aggregated,24.900000,0.000000,8,8,8,9,11,13,23,29,38,47,47,2030,0,8,8.669325880788533,6.3650609999967855,47.069795000425074,83.18275862068965
1765647565,50,,Aggregated,24.700000,0.000000,8,8,8,9,11,13,23,29,38,47,47,2056,0,8,8.663526445040787,6.3650609999967855,47.069795000425074,83.18190661478599
1765647566,50,,Aggregated,24.400000,0.000000,8,8,8,9,11,13,23,29,38,47,47,2081,0,8,8.656790467564884,6.3650609999967855,47.069795000425074,83.17779913503124
1765647567,50,,Aggregated,24.600000,0.000000,8,8,8,9,11,13,23,29,38,47,47,2108,0,8,8.660744956357796,6.3650609999967855,47.069795000425074,83.17789373814041
1765647568,50,,Aggregated,24.600000,0.000000,8,8,8,9,11,13,23,29,38,47,47,2128,0,8,8.653284729324408,6.3650609999967855,47.069795000425074,83.17763157894737
1765647569,50,,Aggregated,24.500000,0.000000,8,8,8,9,11,13,22,29,38,47,47,2156,0,8,8.6433437282023,6.3650609999967855,47.069795000425074,83.17903525046383
1765647570,50,,Aggregated,24.300000,0.000000,8,8,8,9,11,13,22,29,38,47,47,2176,0,8,8.635298098807496,6.3650609999967855,47.069795000425074,83.18198529411765
1765647571,50,,Aggregated,25.200000,0.000000,8,8,8,9,11,13,21,29,38,47,47,2201,0,8,8.63180812767202,6.3650609999967855,47.069795000425074,83.18446160835984
1765647572,50,,Aggregated,24.700000,0.000000,8,8,8,9,11,13,21,29,38,47,47,2225,0,8,8.620989712813099,6.3650609999967855,47.069795000425074,83.18337078651686
1765647573,50,,Aggregated,24.800000,0.000000,8,8,8,9,11,13,21,29,38,47,47,2244,0,8,8.612291589576254,6.3650609999967855,47.069795000425074,83.18404634581105
1765647574,50,,Aggregated,24.200000,0.000000,8,8,8,9,11,13,21,29,38,47,47,2272,0,8,8.609309363559362,6.3650609999967855,47.069795000425074,83.18353873239437
1765647575,50,,Aggregated,24.300000,0.000000,8,8,8,9,11,13,21,29,38,47,47,2293,0,8,8.59899192760915,6.3650609999967855,47.069795000425074,83.18491059747056
1765647576,50,,Aggregated,23.700000,0.000000,8,8,8,9,11,13,20,29,38,47,47,2319,0,8,8.59135551444904,6.3650609999967855,47.069795000425074,83.1858559724019
1765647577,50,,Aggregated,24.100000,0.000000,8,8,8,9,11,13,20,29,38,47,47,2342,0,8,8.585566631087712,6.3650609999967855,47.069795000425074,83.18232280102477
1765647578,50,,Aggregated,23.800000,0.000000,8,8,8,9,11,13,20,29,38,47,47,2368,0,8,8.58305789949625,6.3650609999967855,47.069795000425074,83.18327702702703
1765647579,50,,Aggregated,24.000000,0.000000,8,8,8,9,11,13,20,29,38,47,47,2389,0,8,8.573453933866467,6.3650609999967855,47.069795000425074,83.18334030975304
1765647580,50,,Aggregated,24.100000,0.000000,8,8,8,9,11,13,19,28,38,47,47,2417,0,8,8.57568831733918,6.3650609999967855,47.069795000425074,83.18494000827472
1765647581,50,,Aggregated,23.600000,0.000000,8,8,8,9,11,13,19,28,38,47,47,2436,0,8,8.570579472909413,6.3650609999967855,47.069795000425074,83.18349753694581
1765647582,50,,Aggregated,23.600000,0.000000,8,8,8,9,11,13,19,28,38,47,47,2464,0,8,8.56151908360686,6.3650609999967855,47.069795000425074,83.18262987012987
1765647583,50,,Aggregated,24.100000,0.000000,8,8,8,9,11,13,19,28,38,47,47,2491,0,8,8.557096200325505,6.3650609999967855,47.069795000425074,83.18265756724207
1765647584,50,,Aggregated,23.600000,0.000000,8,8,8,9,11,13,18,28,38,47,47,2513,0,8,8.55123108476492,6.3650609999967855,47.069795000425074,83.1850378034222
1765647585,50,,Aggregated,24.000000,0.000000,8,8,8,9,11,13,18,28,38,47,47,2534,0,8,8.552468031575843,6.3650609999967855,47.069795000425074,83.18429360694554
1765647586,50,,Aggregated,24.600000,0.000000,8,8,8,9,11,13,18,28,38,47,47,2558,0,8,8.547555403053563,6.3650609999967855,47.069795000425074,83.18491008600469
1765647587,50,,Aggregated,24.000000,0.000000,8,8,8,9,11,13,18,28,38,47,47,2585,0,8,8.541729527277306,6.3650609999967855,47.069795000425074,83.18143133462283
1765647588,50,,Aggregated,24.100000,0.000000,8,8,8,9,11,13,18,27,38,47,47,2611,0,8,8.530218094604567,6.3650609999967855,47.069795000425074,83.1846036001532
1765647589,50,,Aggregated,23.800000,0.000000,8,8,8,9,11,13,18,27,38,47,47,2640,0,8,8.522532343566567,6.3650609999967855,47.069795000425074,83.1844696969697
1765647590,50,,Aggregated,24.400000,0.000000,8,8,8,9,11,13,18,27,38,47,47,2663,0,8,8.515497348484985,6.3650609999967855,47.069795000425074,83.18362748779572
1765647591,50,,Aggregated,24.700000,0.000000,8,8,8,9,11,13,18,27,38,47,47,2693,0,8,8.513434301156073,6.3650609999967855,47.069795000425074,83.18418121054586
1765647592,50,,Aggregated,25.300000,0.000000,8,8,8,9,11,12,18,27,38,47,47,2715,0,8,8.512434897242919,6.3650609999967855,47.069795000425074,83.18232044198895
1765647593,50,,Aggregated,24.500000,0.000000,8,8,8,9,11,12,18,27,38,47,47,2748,0,8,8.509603787850878,6.3650609999967855,47.069795000425074,83.18413391557496
1765647594,50,,Aggregated,25.400000,0.000000,8,8,8,9,11,12,17,27,38,47,47,2769,0,8,8.503945682924522,6.3650609999967855,47.069795000425074,83.18562657999277
1765647595,50,,Aggregated,25.100000,0.000000,8,8,8,9,11,12,17,27,38,47,47,2794,0,8,8.499218553335535,6.3650609999967855,47.069795000425074,83.18611309949893
1765647596,50,,Aggregated,25.500000,0.000000,8,8,8,9,11,12,17,27,38,47,47,2818,0,8,8.492290494685271,6.3650609999967855,47.069795000425074,83.18594748048261
1765647597,50,,Aggregated,25.700000,0.000000,8,8,8,9,11,12,17,27,38,47,47,2843,0,8,8.487195928603777,6.3650609999967855,47.069795000425074,83.18607105170594
1765647598,50,,Aggregated,25.400000,0.000000,8,8,8,9,11,12,17,27,38,47,47,2870,0,8,8.481822351226748,6.3650609999967855,47.069795000425074,83.18606271777003
1765647599,50,,Aggregated,26.000000,0.000000,8,8,8,9,11,12,17,27,38,47,47,2893,0,8,8.482404294857007,6.3650609999967855,47.069795000425074,83.18907708261321
1765647600,50,,Aggregated,25.100000,0.000000,8,8,8,9,11,12,17,26,38,47,47,2915,0,8,8.483596760555724,6.3650609999967855,47.069795000425074,83.18833619210977
1765647601,50,,Aggregated,25.500000,0.000000,8,8,8,9,11,12,17,26,38,47,47,2945,0,8,8.47893720000667,6.3650609999967855,47.069795000425074,83.1904923599321
1765647602,50,,Aggregated,25.200000,0.000000,8,8,8,9,11,12,17,26,38,47,47,2970,0,8,8.479251837717536,6.3650609999967855,47.069795000425074,83.19057239057238
1765647603,50,,Aggregated,24.700000,0.000000,8,8,8,9,11,12,17,26,38,47,47,2999,0,8,8.480618188069611,6.3650609999967855,47.069795000425074,83.19173057685896
1765647604,50,,Aggregated,25.400000,0.000000,8,8,8,9,11,12,17,26,38,47,47,3018,0,8,8.483738474492121,6.3650609999967855,47.069795000425074,83.19019218025183
1765647605,50,,Aggregated,25.700000,0.000000,8,8,8,9,11,12,17,26,38,47,47,3042,0,8,8.478033341556813,6.3650609999967855,47.069795000425074,83.18934911242603
1765647606,50,,Aggregated,24.900000,0.000000,8,8,8,9,11,12,17,26,38,47,47,3070,0,8,8.469340469061567,6.3650609999967855,47.069795000425074,83.18631921824104
1765647607,50,,Aggregated,24.900000,0.000000,8,8,8,9,11,12,17,26,38,47,47,3097,0,8,8.463543134652003,6.3650609999967855,47.069795000425074,83.18566354536648
1765647608,50,,Aggregated,25.200000,0.000000,8,8,8,9,11,12,16,26,38,47,47,3120,0,8,8.454393859941634,6.3650609999967855,47.069795000425074,83.18301282051281
1765647609,50,,Aggregated,25.300000,0.000000,8,8,8,9,11,12,16,26,38,47,47,3144,0,8,8.448781078250516,6.3650609999967855,47.069795000425074,83.18225190839695
1765647610,50,,Aggregated,25.800000,0.000000,8,8,8,9,11,12,16,26,38,47,47,3171,0,8,8.44579872280715,6.3650609999967855,47.069795000425074,83.17880794701986
1765647611,50,,Aggregated,25.100000,0.000000,8,8,8,9,11,12,16,26,38,47,47,3190,0,8,8.444106904082167,6.3650609999967855,47.069795000425074,83.17868338557994
1765647612,50,,Aggregated,25.000000,0.000000,8,8,8,9,11,12,16,26,38,47,47,3219,0,8,8.438305694942857,6.3650609999967855,47.069795000425074,83.17955886921405
1765647613,50,,Aggregated,25.800000,0.000000,8,8,8,9,11,12,16,26,38,47,47,3236,0,8,8.4333537503152,6.3650609999967855,47.069795000425074,83.17861557478368
1765647614,50,,Aggregated,24.100000,0.000000,8,8,8,9,11,12,16,26,38,47,47,3262,0,8,8.426337864199551,6.3650609999967855,47.069795000425074,83.17903126916002
1765647615,50,,Aggregated,24.400000,0.000000,7,8,8,9,11,12,16,26,38,47,47,3284,0,7,8.419115454328972,6.3650609999967855,47.069795000425074,83.17935444579781
1765647616,50,,Aggregated,24.000000,0.000000,8,8,8,9,11,12,16,26,38,47,47,3312,0,7,8.41804129137058,6.3650609999967855,47.069795000425074,83.1784420289855
1765647617,50,,Aggregated,24.500000,0.000000,8,8,8,9,11,12,16,26,38,47,47,3336,0,7,8.41587044005459,6.3650609999967855,47.069795000425074,83.17655875299761
1765647618,50,,Aggregated,24.000000,0.000000,7,8,8,9,11,12,16,26,38,47,47,3356,0,7,8.40860134148415,6.3650609999967855,47.069795000425074,83.17342073897497
1765647619,50,,Aggregated,23.900000,0.000000,7,8,8,9,11,12,16,26,38,47,47,3378,0,7,8.403180439912036,6.3650609999967855,47.069795000425074,83.17199526346951
1765647620,50,,Aggregated,23.300000,0.000000,7,8,8,9,11,12,16,25,38,47,47,3406,0,7,8.399665584563683,6.3650609999967855,47.069795000425074,83.17175572519083
1765647621,50,,Aggregated,23.300000,0.000000,7,8,8,9,11,12,16,25,38,47,47,3430,0,7,8.391179889511864,6.3650609999967855,47.069795000425074,83.17026239067056
1765647622,50,,Aggregated,23.900000,0.000000,7,8,8,9,11,12,16,25,38,47,47,3454,0,7,8.388925814714806,6.3650609999967855,47.069795000425074,83.169079328315
1765647623,50,,Aggregated,23.700000,0.000000,7,8,8,9,11,12,16,25,38,47,47,3478,0,7,8.382907480168365,6.3650609999967855,47.069795000425074,83.16877515813687
1765647624,50,,Aggregated,23.900000,0.000000,7,8,8,9,11,12,16,25,38,47,47,3502,0,7,8.376695575391889,6.3650609999967855,47.069795000425074,83.16790405482581
1765647625,50,,Aggregated,23.500000,0.000000,7,8,8,9,11,12,16,25,38,47,47,3530,0,7,8.377684493774899,6.3650609999967855,47.069795000425074,83.16742209631728
1765647626,50,,Aggregated,24.000000,0.000000,7,8,8,9,11,12,16,25,38,47,47,3551,0,7,8.374360791052142,6.3650609999967855,47.069795000425074,83.1686848774993
1765647627,50,,Aggregated,23.500000,0.000000,7,8,8,9,11,12,16,25,38,47,47,3574,0,7,8.369467064640649,6.3650609999967855,47.069795000425074,83.1681589255736
1765647628,50,,Aggregated,24.700000,0.000000,7,8,8,9,11,12,16,25,38,47,47,3607,0,7,8.368825679241962,6.3650609999967855,47.069795000425074,83.16967008594399
1765647629,50,,Aggregated,24.000000,0.000000,7,8,8,9,11,12,16,25,38,47,47,3624,0,7,8.362842295813984,6.3650609999967855,47.069795000425074,83.16942604856513
1765647630,50,,Aggregated,24.500000,0.000000,7,8,8,9,11,12,15,25,38,47,47,3653,0,7,8.362393468937835,6.3650609999967855,47.069795000425074,83.16917601970982
1765647631,50,,Aggregated,25.200000,0.000000,7,8,8,9,11,12,15,25,38,47,47,3675,0,7,8.3598441121171,6.3650609999967855,47.069795000425074,83.17115646258503
1765647632,50,,Aggregated,24.200000,0.000000,7,8,8,9,11,12,15,25,38,47,47,3698,0,7,8.353933383189018,6.3650609999967855,47.069795000425074,83.17225527312061
1765647633,50,,Aggregated,24.900000,0.000000,7,8,8,8,11,12,15,24,38,47,47,3726,0,7,8.347072180631649,6.3650609999967855,47.069795000425074,83.17176596886742
1765647634,50,,Aggregated,24.500000,0.000000,7,8,8,8,11,12,15,24,38,47,47,3749,0,7,8.342076906117551,6.3650609999967855,47.069795000425074,83.1717791411043
1765647635,50,,Aggregated,24.300000,0.000000,7,8,8,8,11,12,15,24,38,47,47,3772,0,7,8.342548290040815,6.3650609999967855,47.069795000425074,83.17046659597031
1765647636,50,,Aggregated,24.800000,0.000000,7,8,8,8,11,12,15,23,38,47,47,3801,0,7,8.337062888722441,6.3650609999967855,47.069795000425074,83.17153380689292
1765647637,50,,Aggregated,25.100000,0.000000,7,8,8,8,11,12,15,23,38,47,47,3823,0,7,8.332108374322848,6.3650609999967855,47.069795000425074,83.17263928851688
1765647638,50,,Aggregated,24.100000,0.000000,7,8,8,8,11,12,15,23,38,47,47,3844,0,7,8.33150646462973,6.3650609999967855,47.069795000425074,83.17143600416233
1765647639,50,,Aggregated,24.800000,0.000000,7,8,8,8,11,12,15,23,38,47,47,3871,0,7,8.331810017835073,6.310241000392125,47.069795000425074,83.17308189098424
1765647640,50,,Aggregated,24.300000,0.000000,7,8,8,8,11,12,15,23,38,47,47,3897,0,7,8.329972179635586,6.310241000392125,47.069795000425074,83.17397998460355
1765647641,50,,Aggregated,23.900000,0.000000,7,8,8,8,11,12,15,23,38,47,47,3915,0,7,8.325276877659812,6.310241000392125,47.069795000425074,83.17369093231162
1765647642,50,,Aggregated,24.200000,0.000000,7,8,8,8,11,12,15,23,38,47,47,3947,0,7,8.317769055747554,6.310241000392125,47.069795000425074,83.17101596148974
1765647643,50,,Aggregated,23.800000,0.000000,7,8,8,8,11,12,15,23,38,47,47,3964,0,7,8.312736285579074,6.310241000392125,47.069795000425074,83.17179616548941
1765647644,50,,Aggregated,24.600000,0.000000,7,8,8,8,11,12,15,23,38,47,47,3992,0,7,8.311749718947379,6.310241000392125,47.069795000425074,83.16983967935872
1765647645,50,,Aggregated,24.900000,0.000000,7,8,8,8,11,12,15,23,37,47,47,4018,0,7,8.308180679452336,6.310241000392125,47.069795000425074,83.16923842707814
1765647646,50,,Aggregated,24.500000,0.000000,7,8,8,8,10,12,15,23,37,47,47,4038,0,7,8.303074540376537,6.310241000392125,47.069795000425074,83.16790490341754
1765647647,50,,Aggregated,24.400000,0.000000,7,8,8,8,11,12,15,23,37,47,47,4070,0,7,8.314588740305254,6.310241000392125,47.069795000425074,83.16633906633906
1765647648,50,,Aggregated,24.400000,0.000000,7,8,8,9,11,12,15,23,37,47,47,4091,0,7,8.318768275737462,6.310241000392125,47.069795000425074,83.16768516255195
1765647649,50,,Aggregated,23.700000,0.000000,7,8,8,9,11,12,15,23,37,47,47,4114,0,7,8.315280414449003,6.310241000392125,47.069795000425074,83.16796305298979
1765647650,50,,Aggregated,25.100000,0.000000,7,8,8,9,11,12,15,23,37,47,47,4139,0,7,8.313528981165177,6.310241000392125,47.069795000425074,83.16815655955544
1765647651,50,,Aggregated,24.500000,0.000000,7,8,8,8,11,12,15,23,37,47,47,4163,0,7,8.307706824655797,6.310241000392125,47.069795000425074,83.16598606773961
1765647652,50,,Aggregated,24.700000,0.000000,7,8,8,8,11,12,15,23,37,47,47,4191,0,7,8.304582911725024,6.310241000392125,47.069795000425074,83.16487711763303
1765647653,50,,Aggregated,24.700000,0.000000,7,8,8,8,11,12,15,23,37,47,47,4212,0,7,8.301869626790117,6.310241000392125,47.069795000425074,83.16642924976259
1765647654,50,,Aggregated,24.300000,0.000000,7,8,8,8,11,12,15,23,37,47,47,4234,0,7,8.299525991979783,6.310241000392125,47.069795000425074,83.1669815777043
1765647655,50,,Aggregated,25.000000,0.000000,7,8,8,8,11,12,15,23,37,47,47,4263,0,7,8.297642799212392,6.310241000392125,47.069795000425074,83.16654937837204
1765647656,50,,Aggregated,24.100000,0.000000,7,8,8,8,10,12,15,23,37,47,47,4288,0,7,8.293383478321257,6.310241000392125,47.069795000425074,83.16627798507463
1765647657,50,,Aggregated,24.500000,0.000000,7,8,8,8,10,12,15,22,37,47,47,4314,0,7,8.28959509690355,6.30790800005343,47.069795000425074,83.16504404265183
1765647658,50,,Aggregated,25.000000,0.000000,7,8,8,8,10,12,15,22,37,47,47,4337,0,7,8.290070529408565,6.30790800005343,47.069795000425074,83.16739681807701
1765647659,50,,Aggregated,25.000000,0.000000,7,8,8,8,10,12,15,22,37,47,47,4362,0,7,8.284560313398774,6.30790800005343,47.069795000425074,83.16918844566713
1765647660,50,,Aggregated,24.500000,0.000000,7,8,8,8,10,12,15,22,37,47,47,4386,0,7,8.283234694721534,6.30790800005343,47.069795000425074,83.16757865937072
1765647661,50,,Aggregated,24.700000,0.000000,7,8,8,8,10,12,15,21,37,47,47,4411,0,7,8.278641679449183,6.30790800005343,47.069795000425074,83.16730900022671
1765647662,50,,Aggregated,24.500000,0.000000,7,8,8,9,10,12,15,21,37,47,47,4438,0,7,8.28498623502721,6.30790800005343,47.069795000425074,83.16899504281207
1765647663,50,,Aggregated,24.200000,0.000000,7,8,8,9,10,12,14,21,37,47,47,4461,0,7,8.287626331775867,6.30790800005343,47.069795000425074,83.16879623402825
1765647664,50,,Aggregated,24.700000,0.000000,7,8,8,9,10,12,14,21,37,47,47,4485,0,7,8.294376306812886,6.30790800005343,47.069795000425074,83.16811594202899
1765647665,50,,Aggregated,24.300000,0.000000,7,8,8,9,10,12,15,21,37,47,47,4513,0,7,8.301359206748476,6.30790800005343,47.069795000425074,83.16884555727897
1765647666,50,,Aggregated,24.900000,0.000000,7,8,8,9,10,12,15,21,37,47,47,4538,0,7,8.30056691120683,6.231464999473246,47.069795000425074,83.16967827236668
1765647667,50,,Aggregated,24.600000,0.000000,7,8,8,9,10,12,15,21,37,47,47,4560,0,7,8.297525811196481,6.231464999473246,47.069795000425074,83.16951754385966
1765647668,50,,Aggregated,24.300000,0.000000,7,8,8,9,10,12,15,21,37,47,47,4590,0,7,8.294952021362825,6.231464999473246,47.069795000425074,83.16993464052288
1765647669,50,,Aggregated,25.200000,0.000000,7,8,8,9,10,12,14,20,37,47,47,4614,0,7,8.29097088427688,6.231464999473246,47.069795000425074,83.17078456870395
1765647670,50,,Aggregated,23.900000,0.000000,7,8,8,9,10,12,14,20,37,47,47,4632,0,7,8.287923425529936,6.231464999473246,47.069795000425074,83.1690414507772
1765647671,50,,Aggregated,24.800000,0.000000,7,8,8,9,10,12,14,20,37,47,47,4658,0,7,8.28892596566217,6.231464999473246,47.069795000425074,83.16874194933447
1765647672,50,,Aggregated,25.200000,0.000000,7,8,8,9,10,12,14,20,37,47,47,4680,0,7,8.286862216250562,6.231464999473246,47.069795000425074,83.17051282051283
1765647673,50,,Aggregated,24.700000,0.000000,7,8,8,9,10,12,14,20,37,47,47,4709,0,7,8.284380661722494,6.231464999473246,47.069795000425074,83.17158632406031
1765647674,50,,Aggregated,24.900000,0.000000,7,8,8,9,10,12,14,20,37,47,47,4736,0,7,8.285453865719825,6.231464999473246,47.069795000425074,83.17145270270271
1765647675,50,,Aggregated,24.200000,0.000000,7,8,8,9,10,12,15,20,37,47,47,4762,0,7,8.287310777205366,6.1724589995719725,47.069795000425074,83.17240655186896
1765647676,50,,Aggregated,25.100000,0.000000,7,8,8,9,10,12,15,20,37,47,47,4783,0,7,8.28430370291709,6.1724589995719725,47.069795000425074,83.17269496132134
1765647677,50,,Aggregated,25.400000,0.000000,7,8,8,9,10,12,14,19,37,47,47,4811,0,7,8.281820799013266,6.1724589995719725,47.069795000425074,83.17397630430264
1765647678,50,,Aggregated,25.600000,0.000000,7,8,8,9,10,12,15,19,37,47,47,4838,0,7,8.283668435728085,6.1724589995719725,47.069795000425074,83.17279867713931
1765647679,50,,Aggregated,24.300000,0.000000,7,8,8,9,10,12,14,19,37,47,47,4862,0,7,8.27858714295593,6.1724589995719725,47.069795000425074,83.17338543809132
1765647680,50,,Aggregated,25.700000,0.000000,7,8,8,9,10,12,15,19,37,47,47,4887,0,7,8.279494433609436,6.1724589995719725,47.069795000425074,83.17188459177409
1765647681,50,,Aggregated,25.100000,0.000000,7,8,8,9,10,12,15,19,37,47,47,4910,0,7,8.275409325671417,6.1724589995719725,47.069795000425074,83.17128309572301
1765647682,50,,Aggregated,24.700000,0.000000,7,8,8,9,10,12,15,19,37,47,47,4937,0,7,8.272998784899785,6.1724589995719725,47.069795000425074,83.16994125987442
1765647683,50,,Aggregated,25.800000,0.000000,7,8,8,9,10,12,14,19,37,47,47,4962,0,7,8.270588396221758,6.1724589995719725,47.069795000425074,83.16848045143088
1765647684,50,,Aggregated,25.400000,0.000000,7,8,8,9,10,12,14,19,37,47,47,4993,0,7,8.268172605258147,6.1724589995719725,47.069795000425074,83.16863609052673
1765647685,50,,Aggregated,25.400000,0.000000,7,8,8,9,10,12,14,19,37,47,47,5010,0,7,8.264787014182392,6.1724589995719725,47.069795000425074,83.1688622754491
1765647686,50,,Aggregated,25.300000,0.000000,7,8,8,9,10,12,14,19,37,47,47,5040,0,7,8.264781366479145,6.1724589995719725,47.069795000425074,83.16904761904762
1765647687,50,,Aggregated,25.300000,0.000000,7,8,8,9,10,12,14,19,37,47,47,5059,0,7,8.265514474610658,6.1724589995719725,47.069795000425074,83.16979640245108
1765647688,50,,Aggregated,24.500000,0.000000,7,8,8,9,10,12,14,19,37,47,47,5085,0,7,8.261480451338373,6.1724589995719725,47.069795000425074,83.16892822025565
1765647689,50,,Aggregated,25.800000,0.000000,7,8,8,9,10,12,14,19,37,47,47,5111,0,7,8.261330479173303,6.1724589995719725,47.069795000425074,83.16865584034436
1765647690,50,,Aggregated,24.500000,0.000000,7,8,8,9,10,12,14,19,37,47,47,5133,0,7,8.25703471986264,6.1724589995719725,47.069795000425074,83.16695889343464
1765647691,50,,Aggregated,25.100000,0.000000,7,8,8,9,10,12,14,19,37,47,47,5162,0,7,8.259015529262632,6.1724589995719725,47.069795000425074,83.17086400619915
1765647692,50,,Aggregated,24.700000,0.000000,7,8,8,9,10,12,14,19,37,47,47,5185,0,7,8.255810505507132,6.1724589995719725,47.069795000425074,83.17126325940212
1765647693,50,,Aggregated,24.600000,0.000000,7,8,8,9,10,12,14,18,37,47,47,5212,0,7,8.253568997900102,6.1724589995719725,47.069795000425074,83.1703760552571
1765647694,50,,Aggregated,24.800000,0.000000,7,8,8,9,10,12,14,18,37,47,47,5236,0,7,8.249996941759472,6.1724589995719725,47.069795000425074,83.17035905271199
1765647695,50,,Aggregated,25.200000,0.000000,7,8,8,9,10,12,14,18,37,47,47,5269,0,7,8.244388284884176,6.1724589995719725,47.069795000425074,83.17232871512621
1765647696,50,,Aggregated,24.800000,0.000000,7,8,8,9,10,12,14,18,37,47,47,5292,0,7,8.242495334855723,6.1724589995719725,47.069795000425074,83.17063492063492
1765647697,50,,Aggregated,24.600000,0.000000,7,8,8,9,10,12,14,18,37,47,47,5313,0,7,8.240665176182295,6.1724589995719725,47.069795000425074,83.17033690946734
1765647698,50,,Aggregated,25.600000,0.000000,7,8,8,9,10,12,14,18,37,47,47,5343,0,7,8.237038314814487,6.1724589995719725,47.069795000425074,83.17050346247427
1765647699,50,,Aggregated,25.400000,0.000000,7,8,8,8,10,12,14,18,37,47,47,5365,0,7,8.235964177269343,6.1724589995719725,47.069795000425074,83.17204100652377
1765647700,50,,Aggregated,25.300000,0.000000,7,8,8,8,10,12,14,18,37,47,47,5387,0,7,8.233934352338721,6.1724589995719725,47.069795000425074,83.17300909597178
1765647701,50,,Aggregated,25.400000,0.000000,7,8,8,8,10,12,14,18,37,47,47,5415,0,7,8.230654685881504,6.1724589995719725,47.069795000425074,83.1730378578024
1765647702,50,,Aggregated,25.700000,0.000000,7,8,8,8,10,12,14,18,37,47,47,5435,0,7,8.228004156770826,6.1724589995719725,47.069795000425074,83.17313707451702
1765647703,50,,Aggregated,25.400000,0.000000,7,8,8,8,10,12,14,18,37,47,47,5462,0,7,8.226709104732834,6.1724589995719725,47.069795000425074,83.17374588062981
1765647704,50,,Aggregated,25.100000,0.000000,7,8,8,8,10,12,14,18,37,47,47,5489,0,7,8.222097443988389,6.124622999777785,47.069795000425074,83.1730734195664
1765647705,50,,Aggregated,24.800000,0.000000,7,8,8,8,10,12,14,18,37,47,47,5512,0,7,8.219412087817965,6.124622999777785,47.069795000425074,83.17198838896952
1765647706,50,,Aggregated,25.000000,0.000000,7,8,8,8,10,12,14,18,37,47,47,5538,0,7,8.222498373249065,6.124622999777785,47.069795000425074,83.17226435536294
1765647707,50,,Aggregated,24.900000,0.000000,7,8,8,8,10,12,14,18,37,47,47,5561,0,7,8.220644367029479,6.124622999777785,47.069795000425074,83.17317029311275
1765647708,50,,Aggregated,24.600000,0.000000,7,8,8,8,10,12,14,18,37,47,47,5586,0,7,8.215991382393877,6.124622999777785,47.069795000425074,83.17257429287504
1765647709,50,,Aggregated,24.600000,0.000000,7,8,8,8,10,12,14,18,37,47,47,5609,0,7,8.213073232849144,6.124622999777785,47.069795000425074,83.17186664289535
1765647710,50,,Aggregated,24.800000,0.000000,7,8,8,8,10,12,14,18,37,47,47,5631,0,7,8.211971050977356,6.124622999777785,47.069795000425074,83.17261587639851
1765647711,50,,Aggregated,24.600000,0.000000,7,8,8,8,10,12,14,18,37,47,47,5655,0,7,8.21018236552712,6.124622999777785,47.069795000425074,83.17312113174182
1765647712,50,,Aggregated,24.000000,0.000000,7,8,8,8,10,12,14,18,37,47,47,5681,0,7,8.206270048240905,6.124622999777785,47.069795000425074,83.17268086604471
1765647713,50,,Aggregated,24.400000,0.000000,7,8,8,8,10,12,14,18,37,47,47,5706,0,7,8.20591136068265,6.124622999777785,47.069795000425074,83.17262530669471
1765647714,50,,Aggregated,24.400000,0.000000,7,8,8,8,10,12,14,18,37,47,47,5732,0,7,8.206481522863143,6.124622999777785,47.069795000425074,83.17376133984648
1765647715,50,,Aggregated,24.900000,0.000000,7,8,8,8,10,12,14,18,37,47,47,5754,0,7,8.203804172584329,6.124622999777785,47.069795000425074,83.17292318387209
1765647716,50,,Aggregated,24.200000,0.000000,7,8,8,8,10,12,14,18,37,47,47,5784,0,7,8.203064192954892,6.124622999777785,47.069795000425074,83.17323651452283
1765647717,50,,Aggregated,24.400000,0.000000,7,8,8,8,10,12,14,18,37,47,47,5805,0,7,8.203272430844656,6.124622999777785,47.069795000425074,83.17329888027562
1765647718,50,,Aggregated,24.400000,0.000000,7,8,8,8,10,12,14,18,37,47,47,5832,0,7,8.203920321853724,6.124622999777785,47.069795000425074,83.17352537722908
1765647719,50,,Aggregated,24.200000,0.000000,7,8,8,8,10,12,14,18,37,47,47,5859,0,7,8.200498760035817,5.985275999591977,47.069795000425074,83.17255504352279
1765647720,50,,Aggregated,24.300000,0.000000,7,8,8,8,10,12,14,18,37,47,47,5884,0,7,8.197931631891821,5.985275999591977,47.069795000425074,83.17301155676411
1765647721,50,,Aggregated,24.300000,0.000000,7,8,8,8,10,12,14,18,37,47,47,5908,0,7,8.19758280569579,5.985275999591977,47.069795000425074,83.17213947190251
1765647722,50,,Aggregated,25.200000,0.000000,7,8,8,8,10,12,14,18,37,47,47,5932,0,7,8.20421821578744,5.985275999591977,47.069795000425074,83.17312879298719
1765647723,50,,Aggregated,25.300000,0.000000,7,8,8,9,10,12,14,18,37,47,47,5958,0,7,8.2114573815128,5.985275999591977,47.069795000425074,83.17321248741189
1765647724,50,,Aggregated,25.300000,0.000000,7,8,8,9,10,12,14,18,37,47,47,5979,0,7,8.214435170104476,5.985275999591977,47.069795000425074,83.17327312259575
1765647725,50,,Aggregated,24.600000,0.000000,7,8,8,9,10,12,14,17,37,47,47,6007,0,7,8.219713057275507,5.985275999591977,47.069795000425074,83.17446312635259
1765647726,50,,Aggregated,25.600000,0.000000,7,8,8,9,10,12,14,17,37,47,47,6029,0,7,8.218744700954293,5.985275999591977,47.069795000425074,83.17399237021066
1765647727,50,,Aggregated,24.600000,0.000000,7,8,8,9,10,12,14,17,37,47,47,6056,0,7,8.217099258264792,5.985275999591977,47.069795000425074,83.17387714663144
1765647728,50,,Aggregated,24.900000,0.000000,7,8,8,9,10,12,14,17,37,47,47,6077,0,7,8.217508499596773,5.985275999591977,47.069795000425074,83.17344084252098
1765647729,50,,Aggregated,24.700000,0.000000,7,8,8,9,10,12,14,17,37,47,47,6106,0,7,8.22115300508531,5.985275999591977,47.069795000425074,83.17327219128725
1765647730,50,,Aggregated,25.100000,0.000000,7,8,8,9,10,12,14,17,37,47,47,6127,0,7,8.220095930969224,5.985275999591977,47.069795000425074,83.17365758119797
1765647731,50,,Aggregated,24.600000,0.000000,7,8,8,9,10,12,14,17,37,47,47,6149,0,7,8.218309018710213,5.985275999591977,47.069795000425074,83.17319889412913
1765647732,50,,Aggregated,24.700000,0.000000,7,8,8,9,10,12,14,17,37,47,47,6182,0,7,8.217000069564783,5.985275999591977,47.069795000425074,83.17389194435458
1765647733,50,,Aggregated,24.200000,0.000000,7,8,8,9,10,12,14,17,37,47,47,6205,0,7,8.214700587921442,5.985275999591977,47.069795000425074,83.17421434327156
1765647734,50,,Aggregated,24.000000,0.000000,7,8,8,9,10,12,14,17,37,47,47,6227,0,7,8.21152123800436,5.985275999591977,47.069795000425074,83.17424120764413
1765647735,50,,Aggregated,24.900000,0.000000,7,8,8,9,10,12,14,17,37,47,47,6253,0,7,8.209677533672702,5.985275999591977,47.069795000425074,83.17431632816248
1765647736,50,,Aggregated,24.400000,0.000000,7,8,8,9,10,12,14,17,37,47,47,6283,0,7,8.207335727846027,5.985275999591977,47.069795000425074,83.1758713990132
1765647737,50,,Aggregated,24.700000,0.000000,7,8,8,9,10,12,14,17,37,47,47,6303,0,7,8.205236399025292,5.985275999591977,47.069795000425074,83.17483737902586
1765647738,50,,Aggregated,24.400000,0.000000,7,8,8,9,10,12,14,17,37,47,47,6329,0,7,8.204239273985802,5.985275999591977,47.069795000425074,83.17601516827303
1765647739,50,,Aggregated,25.100000,0.000000,7,8,8,9,10,12,14,17,37,47,47,6353,0,7,8.204060957823911,5.985275999591977,47.069795000425074,83.17519282228868
1765647740,50,,Aggregated,24.700000,0.000000,7,8,8,9,10,12,14,17,37,47,47,6381,0,7,8.204203795808464,5.985275999591977,47.069795000425074,83.17630465444287
1765647741,50,,Aggregated,25.000000,0.000000,7,8,8,9,10,12,14,17,37,47,47,6401,0,7,8.20156140603901,5.985275999591977,47.069795000425074,83.17606623965005
1765647742,50,,Aggregated,24.800000,0.000000,7,8,8,9,10,12,14,17,37,47,47,6426,0,7,8.201734918931741,5.985275999591977,47.069795000425074,83.1750700280112
1765647743,50,,Aggregated,25.200000,0.000000,7,8,8,9,10,12,14,17,37,47,47,6454,0,7,8.20294899489528,5.985275999591977,47.069795000425074,83.17462039045553
1765647744,50,,Aggregated,25.100000,0.000000,7,8,8,8,10,12,14,17,37,47,47,6478,0,7,8.200579592011971,5.985275999591977,47.069795000425074,83.17443655449213
1765647745,50,,Aggregated,24.700000,0.000000,7,8,8,8,10,12,14,17,37,47,47,6496,0,7,8.19832423476798,5.985275999591977,47.069795000425074,83.17487684729063
1765647746,50,,Aggregated,24.500000,0.000000,7,8,8,8,10,12,14,17,37,47,47,6526,0,7,8.197839667339052,5.985275999591977,47.069795000425074,83.17468587189703
1765647747,50,,Aggregated,25.100000,0.000000,7,8,8,8,10,12,14,17,37,47,47,6544,0,7,8.195608488394265,5.985275999591977,47.069795000425074,83.1752750611247
1765647748,50,,Aggregated,24.700000,0.000000,7,8,8,8,10,12,14,17,37,47,47,6572,0,7,8.197000380257698,5.985275999591977,47.069795000425074,83.17513694461351
1765647749,50,,Aggregated,24.400000,0.000000,7,8,8,8,10,12,14,17,37,47,47,6598,0,7,8.19568560352479,5.985275999591977,47.069795000425074,83.17505304637768
1765647750,50,,Aggregated,23.900000,0.000000,7,8,8,8,10,12,14,17,37,47,47,6622,0,7,8.193297096354286,5.985275999591977,47.069795000425074,83.17638175777711
1765647751,50,,Aggregated,24.200000,0.000000,7,8,8,8,10,12,14,17,37,47,47,6646,0,7,8.1923444255277,5.985275999591977,47.069795000425074,83.17649714113753
1765647752,50,,Aggregated,24.300000,0.000000,7,8,8,8,10,12,14,17,37,47,47,6674,0,7,8.19307202323264,5.985275999591977,47.069795000425074,83.17725501947858
1765647753,50,,Aggregated,24.000000,0.000000,7,8,8,8,10,12,14,17,37,47,47,6698,0,7,8.189286578389595,5.985275999591977,47.069795000425074,83.17781427291729
1765647754,50,,Aggregated,24.400000,0.000000,7,8,8,8,10,12,14,17,37,47,47,6725,0,7,8.18723741725746,5.985275999591977,47.069795000425074,83.17843866171003
1765647755,50,,Aggregated,24.700000,0.000000,7,8,8,8,10,12,14,17,37,47,47,6751,0,7,8.183388375656872,5.985275999591977,47.069795000425074,83.17938083246926
1765647756,50,,Aggregated,24.600000,0.000000,7,8,8,8,10,12,14,17,37,47,47,6773,0,7,8.180223182941043,5.985275999591977,47.069795000425074,83.17983168463014
1765647757,50,,Aggregated,24.800000,0.000000,7,8,8,8,10,12,14,17,37,47,47,6797,0,7,8.18645889260902,5.985275999591977,47.069795000425074,83.17978519935265
1765647758,50,,Aggregated,25.000000,0.000000,7,8,8,8,10,12,14,17,37,47,47,6825,0,7,8.187826168214354,5.985275999591977,47.069795000425074,83.1796336996337
1765647759,50,,Aggregated,24.700000,0.000000,7,8,8,8,10,12,14,17,37,47,47,6847,0,7,8.186728310364133,5.985275999591977,47.069795000425074,83.17993281729224
1765647760,50,,Aggregated,25.500000,0.000000,7,8,8,8,10,12,14,17,37,47,47,6872,0,7,8.184143304578413,5.985275999591977,47.069795000425074,83.17971478463329
1765647761,50,,Aggregated,25.200000,0.000000,7,8,8,8,10,12,14,17,37,47,47,6900,0,7,8.182578417690557,5.985275999591977,47.069795000425074,83.17971014492754
1765647762,50,,Aggregated,25.000000,0.000000,7,8,8,8,10,12,14,17,37,47,47,6922,0,7,8.184843731156699,5.985275999591977,47.069795000425074,83.17899451025716
1765647763,50,,Aggregated,25.100000,0.000000,7,8,8,8,10,12,14,17,37,47,47,6948,0,7,8.182105393359802,5.985275999591977,47.069795000425074,83.18033966609096
1765647764,50,,Aggregated,25.200000,0.000000,7,8,8,8,10,12,14,17,37,47,47,6972,0,7,8.181423861024593,5.985275999591977,47.069795000425074,83.18115318416523
1765647765,50,,Aggregated,24.600000,0.000000,7,8,8,8,10,12,14,17,37,47,47,6994,0,7,8.178681673872598,5.985275999591977,47.069795000425074,83.18072633686016
1765647766,50,,Aggregated,25.100000,0.000000,7,8,8,8,10,12,14,17,37,47,47,7020,0,7,8.178222454424995,5.985275999591977,47.069795000425074,83.18005698005697
1765647767,50,,Aggregated,24.700000,0.000000,7,8,8,8,10,12,14,17,37,47,47,7047,0,7,8.177144209743494,5.985275999591977,47.069795000425074,83.18050234142189
1765647768,50,,Aggregated,24.500000,0.000000,7,8,8,8,10,12,14,17,37,47,47,7071,0,7,8.177028593135805,5.985275999591977,47.069795000425074,83.18102107198416
1765647769,50,,Aggregated,24.700000,0.000000,7,8,8,8,10,12,14,17,37,47,47,7097,0,7,8.174123788511057,5.985275999591977,47.069795000425074,83.1814851345639
1765647770,50,,Aggregated,24.900000,0.000000,7,8,8,8,10,12,14,17,37,47,47,7124,0,7,8.178036179542723,5.985275999591977,47.069795000425074,83.18177989893319
1765647771,50,,Aggregated,24.500000,0.000000,7,8,8,8,10,12,14,17,37,47,47,7146,0,7,8.17584203121489,5.985275999591977,47.069795000425074,83.18122026308424
1765647772,50,,Aggregated,24.900000,0.000000,7,8,8,8,10,12,14,17,37,47,47,7173,0,7,8.173301573966453,5.985275999591977,47.069795000425074,83.18123518750872
1765647773,50,,Aggregated,25.100000,0.000000,7,8,8,8,10,12,14,17,37,47,47,7196,0,7,8.16994856824098,5.985275999591977,47.069795000425074,83.18162868260144
1765647774,50,,Aggregated,24.800000,0.000000,7,8,8,8,10,12,14,17,37,47,47,7224,0,7,8.170810878330663,5.985275999591977,47.069795000425074,83.18300110741971
